日期,来源级别,来源主题,来源URL/标识,主要用途,备注
2024-09-11,A,官方更新-怨灵小丑/哑女/疯象,https://www.eggyparty.com/hmt/news/announcement/20240911/38892_1180196.html,早期追捕者与平衡,官方
2024-09-04,A,官方更新-早期平衡与体验,https://www.eggyparty.com/hmt/news/announcement/20240904/38892_1178940.html,角色平衡/玩法体验,官方
2024-11-22,A,官方更新-管家,https://www.eggyparty.com/hmt/news/announcement/20241122/38892_1195403.html,管家技能,官方
2024-12-06,C,官方公告镜像-困兽,4399官方论坛（来源标识 turn979092search12）,困兽/角色界面/体验,镜像
2024-12-20,C,官方更新镜像-猎人,来源标识 turn180614search0 / turn180614search1,猎人/马戏团节日内容,镜像/同步
2024-08-22,A,官方公告-2v8/贵族,来源标识 turn180614search3,模式与角色,官方
2025-03-20,A/C,12角色重做,来源标识 turn572926view0,核心技能重做/平衡,官方公告镜像
2025-01-23,A,官方公告-冥蛇/报童/火车站,来源标识 turn547573search7 / turn572926view9,新增角色/地图/出生点,官方
2025-02-11,A/C,报童与火车站优化,来源标识 turn813140search10,报童技能/地图,官方或同步
2025-02-20,A/C,火车站与通用体验修复,来源标识 turn813140search2,地图/卡点/道具,官方或同步
2025-04-03,A/C,徽章/科学家,来源标识 turn979092search0 / turn979092search4,徽章系统/角色,官方或同步
2025-05-29,A,集中平衡-哑女/疯象/困兽/舞女/科学家,来源标识 turn813140search8,数值/成长,官方
2025-06-27,A/B,黑拳,来源标识 turn511719search2 / turn511719search5,技能与成长,官方账号/同步
2025-07-18,A/B,血衣教师/船长/码头,来源标识 turn572926view1 / turn511719search13,新角色/新地图/技能,官方与攻略补充
2025-09-05,A/B,灵媒,来源标识 turn547573search3 / turn572926view2,灵媒/神谕,官方预告/视频
2025-11-28,A,全局挖煤倍率调整,来源标识 turn790432search0 / turn126531search3,全局速度模型,官方
2025-12-19,A,主教,来源标识 turn979092search6,新逃生者/技能方向,官方
2026-01-07,A,士兵/爆破师/贵族/哑女,来源标识 turn572926view8 / turn790432search5,技能与CD调整,官方
2026-01-29,A,专属大厅/技能详情/角色修复,来源标识 turn813140search7,交互与修复,官方
2026-02-05,A,空间修正/卡点/成长,来源标识 turn126531search7 / turn755804search6,空间修正/系统,官方
2026-02-13,A,转校生/学生会长,来源标识 turn979092search5 / turn979092search7 / turn755804search3,新角色,官方
2026-03-05,A,赛季/平衡调整,来源标识 turn813140search3,赛季/驯兽师平衡,官方
2026-04-10,A/B,炼金师,来源标识 turn547573search2 / turn572926view3,技能/成长,官方
2026-05-14,A,矿工多人调整,来源标识 turn813140search6,多人衰减,官方
2026-06-03,A,画中女郎预告,来源标识 turn126531search5 / turn572926view4,新增英雄预告,官方
2026-06-18,A,行刑官,来源标识 turn126531search4 / turn790432search10,新角色/活动,官方
2026-06-25,A,追捕者外观展示,来源标识 turn126531search8,外观/模型展示,官方
2026-08-07,A,歌女,来源标识 turn126531search6,新逃生者,官方
2026-08-14,A,少盟主/不夜楼,来源标识 turn126531search2 / turn790432search4,新追捕者/新地图,官方
2026-08-20,A,局内小地图/歌女/不夜楼修复,来源标识 turn126531search9 / turn572926view5,通用机制/地图/角色,官方
2026-08-27,C,小地图/影爪/少盟主修复,来源标识 turn180614search6,后续修复,大型社区/同步
2026-09-03,A,行刑官/追捕者交互修复,来源标识 turn126531search1,最新维护,官方
2026-09-10,A,双形态预览/空间修正,来源标识 turn126531search0 / turn572926view6,最新维护,官方
2026-09-17,A,近期维护-沈昭/地图/成就,来源标识 turn126531search10 / turn572926view7,当前版本修复,官方
2024-2026,D,模式规则/Wiki,来源标识 turn613311search2 / turn949296view0 / turn523358search1,1v4/2v8机制、角色分类,第三方，需注意时效
2024-2026,D,角色Wiki-矿工/水鬼/医生/驯兽师/士兵等,来源标识 turn473168search1 / turn511719search0 / turn511719search1 / turn511719search3,技能细节补充,第三方
2024-08,D,怨灵小丑技能图,https://pic.87g.com/upload/2024/0802/20240802150940305.png,角色技能图,第三方图片直链
2024-11,D,爆破师技能图,https://cdn.9game.cn/ieu-gdc-mng/27594/files/2024/11/06/ff6835b21d61428999fd25f8d548bb10.jpg,角色技能图,第三方图片直链
2026,D,惊魂马戏团地图标注图,https://p3-pc-sign.douyinpic.com/tos-cn-i-0813c001/o0ix7fDfIFAeQUIRmAE0AhDACuwVf2AjgI7AAA~noop.jpeg?biz_tag=pcweb_cover&card_type=303&column_n=0&from=327834062&lk3s=138a59ce&s=PackSourceEnum_SEARCH&se=false&x-expires=1773147600&x-signature=wPVFxEMeUCBUz%2FUz0kssYZx%2FjVY%3D,地图点位图,第三方图片直链
