阵营,角色,代号/常用名,定位,首次公开/检索时间,当前资料状态,主要来源
逃生者,矿工,卢修斯,修机/填炉,2024-08前后公开资料,技能核心已核验；当前数值需结合2026-05多人调整,社区Wiki+2026-05官方公告
逃生者,驯兽师,美狄亚,牵制/救援,2024公开资料,技能核心与2025-03重做/2026平衡已核验,社区Wiki+官方平衡公告
逃生者,舞女,莉莉丝,牵制/机动,2024公开资料,2025-03重做及2025-05数值调整已核验,官方平衡公告
逃生者,士兵,托兰,辅助/视野,2024公开资料,2026-01云雾弹机制已核验,官方公告+社区资料
逃生者,医生,桑吉斯,治疗/救援,2024公开资料,2025-03被动重做及2025-11挖煤调整已核验,官方平衡公告
逃生者,魔术师,克莱蕾,牵制/伪装,2024公开资料,2025-03被动重做已核验,官方平衡公告
逃生者,贵族,多萝西娅,辅助/诱饵,2024-08公开,2025-03二技能及2026-01徽章化机制有记录,官方公告+社区资料
逃生者,管家,劳埃德,救援/保护,2024-11公开,2025-03二技能重做已核验,官方公告
逃生者,科学家,伊万德,挖煤/支援,2025-04公开,2025-05成长调整已核验,官方公告
逃生者,爆破师,苏,控制/辅助,2024公开资料,2026-01技能与CD调整已核验,官方公告
逃生者,报童,米隆,侦查/挖煤,2025-01公开,2025-02机制补充已核验,官方公告/攻略站
逃生者,水鬼,伊文,移动/支援,2024公开资料,核心技能可核验；部分数值为社区Wiki旧值,社区Wiki+2025-11官方全局调速
逃生者,猎人,亨特,牵制/控追,2024-12公开,2025-11挖煤倍率有明确调整,官方公告+社区资料
逃生者,灵媒,曦,辅助/预言,2025-09公开,核心神谕机制已核验；完整神谕表需补,官方Bilibili+Medium预告
逃生者,船长,歌萝佩,救援/移动,2025-07公开,海妖号/鹈鹕掠海核心已核验；2025-11倍率下降已核验,官方公告+攻略站
逃生者,黑拳,瓦格纳,反制/控制,2025-06公开,钢铁拳套/憾地猛击/成长已核验,官方账号视频/公告
逃生者,主教,蓝慈,视野控制/保护,2025-12公开,雾月奇点/雾月神恩核心已核验,官方公告
逃生者,学生会长,伊拉拉,牵制/辅助,2026-02公开,核心玩法已核验；完整技能文本需补,官方公告
逃生者,炼金师,赫拉,挖煤/传递进度,2026-04公开,鎏金之路/神女盗火/不熄圣火及成长已核验,官方公告
逃生者,歌女,小阿娇,辅助/增益,2026-08公开,游园惊梦机制及2026-08数值已核验；完整曲目待补,官方公告
逃生者,行刑官,比努斯,控制/处决,2026-06公开,大镰刀/链条/净化神柱核心已核验；完整技能表待补,官方公告
英雄/待核验,画中女郎,贝琳达,未明确,2026-06预告,官方已预告“新增英雄”，本次检索文本未核实阵营及完整技能,2026-06-03官方预告
追捕者,哑女,斯黛拉,近战控制,2024公开资料,幽冥之爪及2025-03/2025-05/2026平衡已核验,官方公告+社区资料
追捕者,疯象,莫比,柜子/机动/控场,2024公开资料,2025-03大改及2026多次修复已核验,官方平衡公告+社区资料
追捕者,怨灵小丑,阿巴,高速追击,2024-08/09公开,技能核心与2025-03成长已核验,官方公告+技能图
追捕者,魔警,艾琳,远程/协同,2024公开资料,2025-03协同机制有记录；完整当前技能表需补,官方平衡公告+社区资料
追捕者,困兽,雷蒙德,近战/能量,2024-12公开,2025-03能量机制调整已核验,官方公告
追捕者,冥蛇,佩姬,远程/区域控制,2025-01公开,忏悔叠层与远程攻击核心已核验,官方公告
追捕者,血衣教师,礼温,吸能/空中突袭,2025-07公开,血月潮引/负月飞升/蚀月裁决/星落核心已核验,官方公告
追捕者,转校生,桃乐丝,梦境/多区域控制,2026-02公开,梦境探索/兔子小姐/远程传送核心已核验,官方公告
追捕者,少盟主,沈昭,双武器/处决,2026-08公开,裁断/六州歌头及2026-08后修复已核验,官方公告
追捕者,影爪,未核实中文本名,近战控制,历史资料已见,本轮只核实其存在及后续修复，完整技能需补,社区Wiki+2026官方修复
追捕者,丧心护士,未核实中文本名,追击/治疗干扰,历史资料已见,本轮只核实其存在及后续修复，完整技能需补,社区Wiki+2026官方修复
